{
    "initializationDuration": 1.1309399997116998,
    "workDuration": 1940.4871379956604,
    "mergeDuration": 1197.7789140073583,
    "nbWorkers": 9,
    "nbDispatchers": 0,
    "C": 2,
    "F": 14,
    "metaName": ""
}