{
    "initializationDuration": 0.5337589973350987,
    "workDuration": 22094.386010008748,
    "mergeDuration": 0.00004300090949982405,
    "nbWorkers": 1,
    "nbDispatchers": 0,
    "C": 2,
    "F": 14,
    "metaName": ""
}