{
    "initializationDuration": 1.1367759871063755,
    "workDuration": 2285.0577009958217,
    "mergeDuration": 1697.9528899973958,
    "nbWorkers": 7,
    "nbDispatchers": 0,
    "C": 2,
    "F": 14,
    "metaName": ""
}